001,world
001,world
001,world
001,world
001,world
001,world
001,world
001,world
001,world
001,world
001,world
001,world
001,world
001,world
001,world
001,world
001,world
001,world
001,world
001,world
001,world
001,world
001,world
001,world
001,world
001,world
001,world
001,world
001,world
001,world
001,world
001,world
001,world
001,world
001,world
001,world
002,world
002,world
002,world
002,world
002,world
002,world
002,world
002,world
002,world
002,world
002,world
002,world
002,world
002,world
002,world
002,world
002,world
002,world
002,world
002,world
002,world
002,world
002,world
002,world
002,world
002,world
002,world
002,world
002,world
002,world
002,world
002,world
002,world
002,world
002,world
002,world
003,world
003,world
003,world
003,world
003,world
003,world
003,world
003,world
003,world
003,world
003,world
003,world
003,world
003,world
003,world
003,world
003,world
003,world
003,world
003,world
003,world
003,world
003,world
003,world
003,world
003,world
003,world
003,world
003,world
003,world
003,world
003,world
003,world
003,world
003,world
003,world